{
	"partitions" : [
		{
			"name" : "Top",
			"pins" : [
				{
					"name" : "ce_out",
					"strict" : false
				},
				{
					"name" : "o_Y[0]",
					"strict" : false
				},
				{
					"name" : "o_Y[1]",
					"strict" : false
				},
				{
					"name" : "o_Y[2]",
					"strict" : false
				},
				{
					"name" : "o_Y[3]",
					"strict" : false
				},
				{
					"name" : "o_Y[4]",
					"strict" : false
				},
				{
					"name" : "o_Y[5]",
					"strict" : false
				},
				{
					"name" : "o_Y[6]",
					"strict" : false
				},
				{
					"name" : "o_Y[7]",
					"strict" : false
				},
				{
					"name" : "o_Y[8]",
					"strict" : false
				},
				{
					"name" : "o_Y[9]",
					"strict" : false
				},
				{
					"name" : "o_Y[10]",
					"strict" : false
				},
				{
					"name" : "o_Y[11]",
					"strict" : false
				},
				{
					"name" : "o_Y[12]",
					"strict" : false
				},
				{
					"name" : "o_Y[13]",
					"strict" : false
				},
				{
					"name" : "o_Y[14]",
					"strict" : false
				},
				{
					"name" : "I_CLK_eN",
					"strict" : false
				},
				{
					"name" : "I_CLK",
					"strict" : false
				},
				{
					"name" : "I_RST_N",
					"strict" : false
				},
				{
					"name" : "I_X2[0]",
					"strict" : false
				},
				{
					"name" : "I_X2[1]",
					"strict" : false
				},
				{
					"name" : "I_X2[2]",
					"strict" : false
				},
				{
					"name" : "I_X2[3]",
					"strict" : false
				},
				{
					"name" : "I_X2[4]",
					"strict" : false
				},
				{
					"name" : "I_X2[5]",
					"strict" : false
				},
				{
					"name" : "I_X2[6]",
					"strict" : false
				},
				{
					"name" : "I_X2[7]",
					"strict" : false
				},
				{
					"name" : "I_X3[0]",
					"strict" : false
				},
				{
					"name" : "I_X3[1]",
					"strict" : false
				},
				{
					"name" : "I_X3[2]",
					"strict" : false
				},
				{
					"name" : "I_X3[3]",
					"strict" : false
				},
				{
					"name" : "I_X3[4]",
					"strict" : false
				},
				{
					"name" : "I_X3[5]",
					"strict" : false
				},
				{
					"name" : "I_X3[6]",
					"strict" : false
				},
				{
					"name" : "I_X3[7]",
					"strict" : false
				},
				{
					"name" : "I_X0[0]",
					"strict" : false
				},
				{
					"name" : "I_X0[1]",
					"strict" : false
				},
				{
					"name" : "I_X0[2]",
					"strict" : false
				},
				{
					"name" : "I_X0[3]",
					"strict" : false
				},
				{
					"name" : "I_X0[4]",
					"strict" : false
				},
				{
					"name" : "I_X0[5]",
					"strict" : false
				},
				{
					"name" : "I_X0[6]",
					"strict" : false
				},
				{
					"name" : "I_X0[7]",
					"strict" : false
				},
				{
					"name" : "I_X1[0]",
					"strict" : false
				},
				{
					"name" : "I_X1[1]",
					"strict" : false
				},
				{
					"name" : "I_X1[2]",
					"strict" : false
				},
				{
					"name" : "I_X1[3]",
					"strict" : false
				},
				{
					"name" : "I_X1[4]",
					"strict" : false
				},
				{
					"name" : "I_X1[5]",
					"strict" : false
				},
				{
					"name" : "I_X1[6]",
					"strict" : false
				},
				{
					"name" : "I_X1[7]",
					"strict" : false
				},
				{
					"name" : "I_W0[0]",
					"strict" : false
				},
				{
					"name" : "I_W0[1]",
					"strict" : false
				},
				{
					"name" : "I_W0[2]",
					"strict" : false
				},
				{
					"name" : "I_W0[3]",
					"strict" : false
				},
				{
					"name" : "I_W0[4]",
					"strict" : false
				},
				{
					"name" : "I_W0[5]",
					"strict" : false
				},
				{
					"name" : "I_W0[6]",
					"strict" : false
				},
				{
					"name" : "I_W0[7]",
					"strict" : false
				},
				{
					"name" : "I_W1[0]",
					"strict" : false
				},
				{
					"name" : "I_W1[1]",
					"strict" : false
				},
				{
					"name" : "I_W1[2]",
					"strict" : false
				},
				{
					"name" : "I_W1[3]",
					"strict" : false
				},
				{
					"name" : "I_W1[4]",
					"strict" : false
				},
				{
					"name" : "I_W1[5]",
					"strict" : false
				},
				{
					"name" : "I_W1[6]",
					"strict" : false
				},
				{
					"name" : "I_W1[7]",
					"strict" : false
				},
				{
					"name" : "I_W2[0]",
					"strict" : false
				},
				{
					"name" : "I_W2[1]",
					"strict" : false
				},
				{
					"name" : "I_W2[2]",
					"strict" : false
				},
				{
					"name" : "I_W2[3]",
					"strict" : false
				},
				{
					"name" : "I_W2[4]",
					"strict" : false
				},
				{
					"name" : "I_W2[5]",
					"strict" : false
				},
				{
					"name" : "I_W2[6]",
					"strict" : false
				},
				{
					"name" : "I_W2[7]",
					"strict" : false
				},
				{
					"name" : "I_W3[0]",
					"strict" : false
				},
				{
					"name" : "I_W3[1]",
					"strict" : false
				},
				{
					"name" : "I_W3[2]",
					"strict" : false
				},
				{
					"name" : "I_W3[3]",
					"strict" : false
				},
				{
					"name" : "I_W3[4]",
					"strict" : false
				},
				{
					"name" : "I_W3[5]",
					"strict" : false
				},
				{
					"name" : "I_W3[6]",
					"strict" : false
				},
				{
					"name" : "I_W3[7]",
					"strict" : false
				}
			]
		}
	]
}